﻿Designator,Footprint,Quantity,Value,LCSC Part #
"C1, C2, C3",0603,3,C,
"C4, C5",0603,2,1uF,C15849
C6,0603,1,1uF,
C7,0805,1,1uF,C15849
C8,0805,1,10uF,C15849
IC1,TO254P470X1016X1965-3P,1,TL783CKCSE3,
J1,160x80 TFT,1,Conn_01x13_Pin,
"J2, J3",PinHeader_1x04_P2.54mm_Vertical,2,Conn_01x04_Pin,
"J4, J5",SolderWire-1.5sqmm_1x01_D1.7mm_OD3mm,2,Conn_01x01_Pin,
"LED1, LED2",LTSTC197KGKSKTCS2,2,LTST-C197KGKSKTCS2,
Q2,TO-252-2,1,Q_NMOS_GDS,
R1,0805,1,20,
"R10, R11, R8, R9",0805,4,1kR,C17475
R2,0805,1,1k,
R3,0805,1,100k,
"R4, R5",0805,2,15kR,C17475
R6,0805,1,3k,
R7,0805,1,4.7k,
"SW1, SW2, SW3, SW4",SW_PUSH_6mm,4,SW_Push,
U1,LQFP-32_7x7mm_P0.8mm,1,STM32F301K6Tx,
